{
    "tests": [
      {
        "id": 1,
        "name": "matimatica",
        "questions": [
          {
            "id": 1,
            "q": "1+1=?",
            "variants": [
              "1",
              "2",
              "3"
            ],
            "asnwer": "2",
            "is_correct": null
          },
          {
            "id": 2,
            "q": "2+2=?",
            "variants": [
              "2",
              "3",
              "4"
            ],
            "asnwer": "4",
            "is_correct": null
          }
        ]
      }
    ]
  }